{"cameraMode":{"drawMode":0,"name":"Shaded","section":"Shading Mode"},"sceneLighting":true,"audioPlay":false,"sceneViewState":{"showFog":true,"showMaterialUpdate":false,"showSkybox":true,"showFlares":true,"showImageEffects":true,"showParticleSystems":true},"in2DMode":false,"pivot":{"x":-0.06107701361179352,"y":1.0063215494155884,"z":2.22776460647583},"rotation":{"x":0.11907137930393219,"y":-0.026804570108652116,"z":0.0032156738452613355,"w":0.9925198554992676},"size":2.2248077392578127,"orthographic":false}