{"cameraMode":{"drawMode":0,"name":"Shaded","section":"Shading Mode"},"sceneLighting":true,"audioPlay":false,"sceneViewState":{"showFog":true,"showMaterialUpdate":false,"showSkybox":true,"showFlares":true,"showImageEffects":true,"showParticleSystems":true},"in2DMode":false,"pivot":{"x":-0.185196191072464,"y":1.3749816417694092,"z":1.308222770690918},"rotation":{"x":0.11907137930393219,"y":-0.026804570108652116,"z":0.0032156738452613355,"w":0.9925198554992676},"size":1.899768590927124,"orthographic":false}